Birmingham,Alabama
Anchorage,Alaska
Phoenix,Arizona
Little Rock,Arkansas
Los Angeles,California
Denver,Colorado
Bridgeport,Connecticut
Wilmington,Delaware
Jacksonville,Florida
Atlanta,Georgia
Honolulu,Hawaii
Boise,Idaho
Chicago,Illinois
Indianapolis,Indiana
Des Moines,Iowa
Wichita,Kansas
Louisville,Kentucky
New Orleans,Louisiana
Portland,Maine
Baltimore,Maryland
Boston,Massachusetts
Detroit,Michigan
Minneapolis,Minnesota
Jackson,Mississippi
Kansas City,Missouri
Billings,Montana
Omaha,Nebraska
Las Vegas,Nevada
Manchester,New Hampshire
Newark,New Jersey
Albuquerque,New Mexico
New York City,New York
Charlotte,North Carolina
Fargo,North Dakota
Columbus,Ohio
Oklahoma City,Oklahoma
Portland,Oregon
Philadelphia,Pennsylvania
Providence,Rhode Island
Charleston,South Carolina
Sioux Falls,South Dakota
Nashville,Tennessee
Houston,Texas
Salt Lake City,Utah
Burlington,Vermont
Virginia Beach,Virginia
Seattle,Washington
Charleston,West Virginia
Milwaukee,Wisconsin
Cheyenne,Wyoming
Montgomery,Alabama
Juneau,Alaska
Tucson,Arizona
Fort Smith,Arkansas
San Diego,California
Colorado Springs,Colorado
New Haven,Connecticut
Dover,Delaware
Miami,Florida
Augusta,Georgia
East Honolulu,Hawaii
Meridian,Idaho
Aurora,Illinois
Fort Wayne,Indiana
Cedar Rapids,Iowa
Overland Park,Kansas
Lexington,Kentucky
Baton Rouge,Louisiana
Lewiston,Maine
Frederick,Maryland
Worcester,Massachusetts
Grand Rapids,Michigan
Saint Paul,Minnesota
Gulfport,Mississippi
Saint Louis,Missouri
Missoula,Montana
Lincoln,Nebraska
Henderson,Nevada
Nashua,New Hampshire
Jersey City,New Jersey
Las Cruces,New Mexico
Buffalo,New York
Raleigh,North Carolina
Bismarck,North Dakota
Cleveland,Ohio
Tulsa,Oklahoma
Salem,Oregon
Pittsburgh,Pennsylvania
Cranston,Rhode Island
Columbia,South Carolina
Rapid City,South Dakota
Memphis,Tennessee
San Antonio,Texas
West Valley City,Utah
South Burlington,Vermont
Norfolk,Virginia
Spokane,Washington
Huntington,West Virginia
Madison,Wisconsin
Casper,Wyoming